id,name,enableImgName,disableImgName,unknownImgName,titleName,filterName,grade,nextGradeQuestIndex,actionType,actionTypeDetail,targetType,targetTypeValue,actionCountValue,activationStartDate,activationEndDate,checkCycleTime,isRetroactively,badgeReward,pointReward,questDescription,getMethodDescription,isRepeat,pageScrollRate,pageStayTime
1000100,로그인 실행,img_badge_login_001_enable,img_badge_login_001_disable,img_badge_login_001_unknown,1,2023,1,1000101,1,0,0,0,3,0,0,1,0,1000010,0,여행지 선정이 고민이신가요?<br>전국 축제정보를 확인해보세요!<br>축제와 함께하면 더욱 즐거운 여행이 될거에요.,"획득방법<br>1. 메뉴 > 여행정보 > 축제 > 축제조회<br>2. ""축제""검색 > 전국 축제 확인하기 > 축제조회",0,0,0
1000101,로그인 실행,img_badge_login_002_enable,img_badge_login_002_disable,img_badge_login_002_unknown,1,2023,2,1000102,1,0,0,0,10,0,0,1,0,1000020,0,여행지 선정이 고민이신가요?<br>전국 축제정보를 확인해보세요!<br>축제와 함께하면 더욱 즐거운 여행이 될거에요.,"획득방법<br>1. 메뉴 > 여행정보 > 축제 > 축제조회<br>2. ""축제""검색 > 전국 축제 확인하기 > 축제조회",0,0,0
1000102,로그인 실행,img_badge_login_003_enable,img_badge_login_003_disable,img_badge_login_003_unknown,1,2023,3,1000103,1,0,0,0,30,0,0,1,0,1000030,0,여행지 선정이 고민이신가요?<br>전국 축제정보를 확인해보세요!<br>축제와 함께하면 더욱 즐거운 여행이 될거에요.,"획득방법<br>1. 메뉴 > 여행정보 > 축제 > 축제조회<br>2. ""축제""검색 > 전국 축제 확인하기 > 축제조회",0,0,0
1000103,로그인 실행(반복),img_badge_point_enable,img_badge_point_disable,img_badge_point_unknown,1,2023,0,0,1,0,0,0,30,0,0,1,0,0,100,여행지 선정이 고민이신가요?<br>전국 축제정보를 확인해보세요!<br>축제와 함께하면 더욱 즐거운 여행이 될거에요.,"획득방법<br>1. 메뉴 > 여행정보 > 축제 > 축제조회<br>2. ""축제""검색 > 전국 축제 확인하기 > 축제조회",999,0,0
1000200,댓글 달기 및 여행톡,img_badge_comment_001_enable,img_badge_comment_001_disable,img_badge_comment_001_unknown,1,2023,1,1000201,2,0,0,0,3,0,0,1,0,1000040,0,여행지 선정이 고민이신가요?<br>전국 축제정보를 확인해보세요!<br>축제와 함께하면 더욱 즐거운 여행이 될거에요.,"획득방법<br>1. 메뉴 > 여행정보 > 축제 > 축제조회<br>2. ""축제""검색 > 전국 축제 확인하기 > 축제조회",0,0,0
1000201,댓글 달기 및 여행톡,img_badge_comment_002_enable,img_badge_comment_002_disable,img_badge_comment_002_unknown,1,2023,2,1000202,2,0,0,0,10,0,0,1,0,1000050,0,여행지 선정이 고민이신가요?<br>전국 축제정보를 확인해보세요!<br>축제와 함께하면 더욱 즐거운 여행이 될거에요.,"획득방법<br>1. 메뉴 > 여행정보 > 축제 > 축제조회<br>2. ""축제""검색 > 전국 축제 확인하기 > 축제조회",0,0,0
1000202,댓글 달기 및 여행톡,img_badge_comment_003_enable,img_badge_comment_003_disable,img_badge_comment_003_unknown,1,2023,3,1000203,2,0,0,0,30,0,0,1,0,1000060,0,여행지 선정이 고민이신가요?<br>전국 축제정보를 확인해보세요!<br>축제와 함께하면 더욱 즐거운 여행이 될거에요.,"획득방법<br>1. 메뉴 > 여행정보 > 축제 > 축제조회<br>2. ""축제""검색 > 전국 축제 확인하기 > 축제조회",0,0,0
1000203,댓글 달기 및 여행톡(반복),img_badge_point_enable,img_badge_point_disable,img_badge_point_unknown,1,2023,0,0,2,0,0,0,30,0,0,1,0,0,100,여행지 선정이 고민이신가요?<br>전국 축제정보를 확인해보세요!<br>축제와 함께하면 더욱 즐거운 여행이 될거에요.,"획득방법<br>1. 메뉴 > 여행정보 > 축제 > 축제조회<br>2. ""축제""검색 > 전국 축제 확인하기 > 축제조회",999,0,0
1000300,사용자 사진 등록,img_badge_photo_001_enable,img_badge_photo_001_disable,img_badge_photo_001_unknown,1,2023,1,1000301,3,0,0,0,3,0,0,1,0,1000070,0,여행지 선정이 고민이신가요?<br>전국 축제정보를 확인해보세요!<br>축제와 함께하면 더욱 즐거운 여행이 될거에요.,"획득방법<br>1. 메뉴 > 여행정보 > 축제 > 축제조회<br>2. ""축제""검색 > 전국 축제 확인하기 > 축제조회",0,0,0
1000301,사용자 사진 등록,img_badge_photo_002_enable,img_badge_photo_002_disable,img_badge_photo_002_unknown,1,2023,2,1000302,3,0,0,0,10,0,0,1,0,1000080,0,여행지 선정이 고민이신가요?<br>전국 축제정보를 확인해보세요!<br>축제와 함께하면 더욱 즐거운 여행이 될거에요.,"획득방법<br>1. 메뉴 > 여행정보 > 축제 > 축제조회<br>2. ""축제""검색 > 전국 축제 확인하기 > 축제조회",0,0,0
1000302,사용자 사진 등록,img_badge_photo_003_enable,img_badge_photo_003_disable,img_badge_photo_003_unknown,1,2023,3,1000303,3,0,0,0,30,0,0,1,0,1000090,0,여행지 선정이 고민이신가요?<br>전국 축제정보를 확인해보세요!<br>축제와 함께하면 더욱 즐거운 여행이 될거에요.,"획득방법<br>1. 메뉴 > 여행정보 > 축제 > 축제조회<br>2. ""축제""검색 > 전국 축제 확인하기 > 축제조회",0,0,0
1000303,사용자 사진 등록(반복),img_badge_point_enable,img_badge_point_disable,img_badge_point_unknown,1,2023,0,0,2,0,0,0,30,0,0,1,0,0,100,여행지 선정이 고민이신가요?<br>전국 축제정보를 확인해보세요!<br>축제와 함께하면 더욱 즐거운 여행이 될거에요.,"획득방법<br>1. 메뉴 > 여행정보 > 축제 > 축제조회<br>2. ""축제""검색 > 전국 축제 확인하기 > 축제조회",999,0,0
1000400,앱 실행,img_badge_execution_001_enable,img_badge_execution_001_disable,img_badge_execution_001_unknown,1,2023,1,1000401,4,0,0,0,10,0,0,1,0,1000100,0,여행지 선정이 고민이신가요?<br>전국 축제정보를 확인해보세요!<br>축제와 함께하면 더욱 즐거운 여행이 될거에요.,"획득방법<br>1. 메뉴 > 여행정보 > 축제 > 축제조회<br>2. ""축제""검색 > 전국 축제 확인하기 > 축제조회",0,0,0
1000401,앱 실행,img_badge_execution_002_enable,img_badge_execution_002_disable,img_badge_execution_002_unknown,1,2023,2,1000402,4,0,0,0,30,0,0,1,0,1000110,0,여행지 선정이 고민이신가요?<br>전국 축제정보를 확인해보세요!<br>축제와 함께하면 더욱 즐거운 여행이 될거에요.,"획득방법<br>1. 메뉴 > 여행정보 > 축제 > 축제조회<br>2. ""축제""검색 > 전국 축제 확인하기 > 축제조회",0,0,0
1000402,앱 실행,img_badge_execution_003_enable,img_badge_execution_003_disable,img_badge_execution_003_unknown,1,2023,3,1000403,4,0,0,0,100,0,0,1,0,1000120,0,여행지 선정이 고민이신가요?<br>전국 축제정보를 확인해보세요!<br>축제와 함께하면 더욱 즐거운 여행이 될거에요.,"획득방법<br>1. 메뉴 > 여행정보 > 축제 > 축제조회<br>2. ""축제""검색 > 전국 축제 확인하기 > 축제조회",0,0,0
1000403,앱 실행(반복),img_badge_point_enable,img_badge_point_disable,img_badge_point_unknown,1,2023,0,0,2,0,0,0,30,0,0,1,0,0,100,여행지 선정이 고민이신가요?<br>전국 축제정보를 확인해보세요!<br>축제와 함께하면 더욱 즐거운 여행이 될거에요.,"획득방법<br>1. 메뉴 > 여행정보 > 축제 > 축제조회<br>2. ""축제""검색 > 전국 축제 확인하기 > 축제조회",999,0,0
1000500,여행기사 조회,img_badge_travelinfo_001_enable,img_badge_travelinfo_001_disable,img_badge_travelinfo_001_unknown,1,2023,1,1000501,5,0,1,2,10,0,0,1,0,1000130,0,여행지 선정이 고민이신가요?<br>전국 축제정보를 확인해보세요!<br>축제와 함께하면 더욱 즐거운 여행이 될거에요.,"획득방법<br>1. 메뉴 > 여행정보 > 축제 > 축제조회<br>2. ""축제""검색 > 전국 축제 확인하기 > 축제조회",0,0,0
1000501,여행기사 조회,img_badge_travelinfo_002_enable,img_badge_travelinfo_002_disable,img_badge_travelinfo_002_unknown,1,2023,2,1000502,5,0,1,2,30,0,0,1,0,1000140,0,여행지 선정이 고민이신가요?<br>전국 축제정보를 확인해보세요!<br>축제와 함께하면 더욱 즐거운 여행이 될거에요.,"획득방법<br>1. 메뉴 > 여행정보 > 축제 > 축제조회<br>2. ""축제""검색 > 전국 축제 확인하기 > 축제조회",0,0,0
1000502,여행기사 조회,img_badge_travelinfo_003_enable,img_badge_travelinfo_003_disable,img_badge_travelinfo_003_unknown,1,2023,3,1000503,5,0,1,2,100,0,0,1,0,1000150,0,여행지 선정이 고민이신가요?<br>전국 축제정보를 확인해보세요!<br>축제와 함께하면 더욱 즐거운 여행이 될거에요.,"획득방법<br>1. 메뉴 > 여행정보 > 축제 > 축제조회<br>2. ""축제""검색 > 전국 축제 확인하기 > 축제조회",0,0,0
1000503,여행기사(반복),img_badge_point_enable,img_badge_point_disable,img_badge_point_unknown,1,2023,0,0,5,0,1,2,100,0,0,1,0,0,100,여행지 선정이 고민이신가요?<br>전국 축제정보를 확인해보세요!<br>축제와 함께하면 더욱 즐거운 여행이 될거에요.,"획득방법<br>1. 메뉴 > 여행정보 > 축제 > 축제조회<br>2. ""축제""검색 > 전국 축제 확인하기 > 축제조회",999,0,0
1000600,콘텐츠 공유,img_badge_share_001_enable,img_badge_share_001_disable,img_badge_share_001_unknown,1,2023,1,1000601,6,0,0,0,3,0,0,1,0,1000160,0,여행지 선정이 고민이신가요?<br>전국 축제정보를 확인해보세요!<br>축제와 함께하면 더욱 즐거운 여행이 될거에요.,"획득방법<br>1. 메뉴 > 여행정보 > 축제 > 축제조회<br>2. ""축제""검색 > 전국 축제 확인하기 > 축제조회",0,0,0
1000601,콘텐츠 공유,img_badge_share_002_enable,img_badge_share_002_disable,img_badge_share_002_unknown,1,2023,2,1000602,6,0,0,0,10,0,0,1,0,1000170,0,여행지 선정이 고민이신가요?<br>전국 축제정보를 확인해보세요!<br>축제와 함께하면 더욱 즐거운 여행이 될거에요.,"획득방법<br>1. 메뉴 > 여행정보 > 축제 > 축제조회<br>2. ""축제""검색 > 전국 축제 확인하기 > 축제조회",0,0,0
1000602,콘텐츠 공유,img_badge_share_003_enable,img_badge_share_003_disable,img_badge_share_003_unknown,1,2023,3,1000603,6,0,0,0,30,0,0,1,0,1000180,0,여행지 선정이 고민이신가요?<br>전국 축제정보를 확인해보세요!<br>축제와 함께하면 더욱 즐거운 여행이 될거에요.,"획득방법<br>1. 메뉴 > 여행정보 > 축제 > 축제조회<br>2. ""축제""검색 > 전국 축제 확인하기 > 축제조회",0,0,0
1000603,콘텐츠 공유(반복),img_badge_point_enable,img_badge_point_disable,img_badge_point_unknown,1,2023,0,0,6,0,0,0,30,0,0,1,0,0,100,여행지 선정이 고민이신가요?<br>전국 축제정보를 확인해보세요!<br>축제와 함께하면 더욱 즐거운 여행이 될거에요.,"획득방법<br>1. 메뉴 > 여행정보 > 축제 > 축제조회<br>2. ""축제""검색 > 전국 축제 확인하기 > 축제조회",999,0,0
1000700,콘텐츠 즐겨찾기,img_badge_favorites_001_enable,img_badge_favorites_001_disable,img_badge_favorites_001_unknown,1,2023,1,1000701,7,0,0,0,3,0,0,1,0,1000190,0,여행지 선정이 고민이신가요?<br>전국 축제정보를 확인해보세요!<br>축제와 함께하면 더욱 즐거운 여행이 될거에요.,"획득방법<br>1. 메뉴 > 여행정보 > 축제 > 축제조회<br>2. ""축제""검색 > 전국 축제 확인하기 > 축제조회",0,0,0
1000701,콘텐츠 즐겨찾기,img_badge_favorites_002_enable,img_badge_favorites_002_disable,img_badge_favorites_002_unknown,1,2023,2,1000702,7,0,0,0,10,0,0,1,0,1000200,0,여행지 선정이 고민이신가요?<br>전국 축제정보를 확인해보세요!<br>축제와 함께하면 더욱 즐거운 여행이 될거에요.,"획득방법<br>1. 메뉴 > 여행정보 > 축제 > 축제조회<br>2. ""축제""검색 > 전국 축제 확인하기 > 축제조회",0,0,0
1000702,콘텐츠 즐겨찾기,img_badge_favorites_003_enable,img_badge_favorites_003_disable,img_badge_favorites_003_unknown,1,2023,3,1000703,7,0,0,0,30,0,0,1,0,1000210,0,여행지 선정이 고민이신가요?<br>전국 축제정보를 확인해보세요!<br>축제와 함께하면 더욱 즐거운 여행이 될거에요.,"획득방법<br>1. 메뉴 > 여행정보 > 축제 > 축제조회<br>2. ""축제""검색 > 전국 축제 확인하기 > 축제조회",0,0,0
1000703,콘텐츠 즐겨찾기(반복),img_badge_point_enable,img_badge_point_disable,img_badge_point_unknown,1,2023,0,0,7,0,0,0,30,0,0,1,0,0,100,여행지 선정이 고민이신가요?<br>전국 축제정보를 확인해보세요!<br>축제와 함께하면 더욱 즐거운 여행이 될거에요.,"획득방법<br>1. 메뉴 > 여행정보 > 축제 > 축제조회<br>2. ""축제""검색 > 전국 축제 확인하기 > 축제조회",999,0,0
1000800,코스 만들기,img_badge_makeCourse_001_enable,img_badge_makeCourse_001_disable,img_badge_makeCourse_001_unknown,1,2023,1,1000801,8,0,0,0,3,0,0,1,0,1000220,0,여행지 선정이 고민이신가요?<br>전국 축제정보를 확인해보세요!<br>축제와 함께하면 더욱 즐거운 여행이 될거에요.,"획득방법<br>1. 메뉴 > 여행정보 > 축제 > 축제조회<br>2. ""축제""검색 > 전국 축제 확인하기 > 축제조회",0,0,0
1000801,코스 만들기,img_badge_makeCourse_002_enable,img_badge_makeCourse_002_disable,img_badge_makeCourse_002_unknown,1,2023,2,1000802,8,0,0,0,10,0,0,1,0,1000230,0,여행지 선정이 고민이신가요?<br>전국 축제정보를 확인해보세요!<br>축제와 함께하면 더욱 즐거운 여행이 될거에요.,"획득방법<br>1. 메뉴 > 여행정보 > 축제 > 축제조회<br>2. ""축제""검색 > 전국 축제 확인하기 > 축제조회",0,0,0
1000802,코스 만들기,img_badge_makeCourse_003_enable,img_badge_makeCourse_003_disable,img_badge_makeCourse_003_unknown,1,2023,3,1000803,8,0,0,0,30,0,0,1,0,1000240,0,여행지 선정이 고민이신가요?<br>전국 축제정보를 확인해보세요!<br>축제와 함께하면 더욱 즐거운 여행이 될거에요.,"획득방법<br>1. 메뉴 > 여행정보 > 축제 > 축제조회<br>2. ""축제""검색 > 전국 축제 확인하기 > 축제조회",0,0,0
1000803,코스 만들기(반복),img_badge_point_enable,img_badge_point_disable,img_badge_point_unknown,1,2023,0,0,8,0,0,0,30,0,0,1,0,0,100,여행지 선정이 고민이신가요?<br>전국 축제정보를 확인해보세요!<br>축제와 함께하면 더욱 즐거운 여행이 될거에요.,"획득방법<br>1. 메뉴 > 여행정보 > 축제 > 축제조회<br>2. ""축제""검색 > 전국 축제 확인하기 > 축제조회",999,0,0
1000900,콘텐츠 조회,img_badge_contentinfo_001_enable,img_badge_contentinfo_001_disable,img_badge_contentinfo_001_unknown,1,2023,1,1000901,5,0,2,0,10,0,0,1,0,1000250,0,여행지 선정이 고민이신가요?<br>전국 축제정보를 확인해보세요!<br>축제와 함께하면 더욱 즐거운 여행이 될거에요.,"획득방법<br>1. 메뉴 > 여행정보 > 축제 > 축제조회<br>2. ""축제""검색 > 전국 축제 확인하기 > 축제조회",0,0,0
1000901,콘텐츠 조회,img_badge_contentinfo_002_enable,img_badge_contentinfo_002_disable,img_badge_contentinfo_002_unknown,1,2023,2,1000902,5,0,2,0,30,0,0,1,0,1000260,0,여행지 선정이 고민이신가요?<br>전국 축제정보를 확인해보세요!<br>축제와 함께하면 더욱 즐거운 여행이 될거에요.,"획득방법<br>1. 메뉴 > 여행정보 > 축제 > 축제조회<br>2. ""축제""검색 > 전국 축제 확인하기 > 축제조회",0,0,0
1000902,콘텐츠 조회,img_badge_contentinfo_003_enable,img_badge_contentinfo_003_disable,img_badge_contentinfo_003_unknown,1,2023,3,1000903,5,0,2,0,100,0,0,1,0,1000270,0,여행지 선정이 고민이신가요?<br>전국 축제정보를 확인해보세요!<br>축제와 함께하면 더욱 즐거운 여행이 될거에요.,"획득방법<br>1. 메뉴 > 여행정보 > 축제 > 축제조회<br>2. ""축제""검색 > 전국 축제 확인하기 > 축제조회",0,0,0
1000903,콘텐츠 조회(반복),img_badge_point_enable,img_badge_point_disable,img_badge_point_unknown,1,2023,0,0,5,0,2,0,100,0,0,1,0,0,100,여행지 선정이 고민이신가요?<br>전국 축제정보를 확인해보세요!<br>축제와 함께하면 더욱 즐거운 여행이 될거에요.,"획득방법<br>1. 메뉴 > 여행정보 > 축제 > 축제조회<br>2. ""축제""검색 > 전국 축제 확인하기 > 축제조회",999,0,0
1001100,가볼래터 일정기간 레벨유지,img_badge_level_001_enable,img_badge_level_001_disable,img_badge_level_001_unknown,1,2023,1,1001101,9,1,1,2,3,0,0,0,0,1000280,0,여행지 선정이 고민이신가요?<br>전국 축제정보를 확인해보세요!<br>축제와 함께하면 더욱 즐거운 여행이 될거에요.,"획득방법<br>1. 메뉴 > 여행정보 > 축제 > 축제조회<br>2. ""축제""검색 > 전국 축제 확인하기 > 축제조회",0,0,0
1001101,가볼래터 일정기간 레벨유지,img_badge_level_002_enable,img_badge_level_002_disable,img_badge_level_002_unknown,1,2023,2,1001102,9,2,1,2,5,0,0,0,0,1000290,0,여행지 선정이 고민이신가요?<br>전국 축제정보를 확인해보세요!<br>축제와 함께하면 더욱 즐거운 여행이 될거에요.,"획득방법<br>1. 메뉴 > 여행정보 > 축제 > 축제조회<br>2. ""축제""검색 > 전국 축제 확인하기 > 축제조회",0,0,0
1001102,가볼래터 일정기간 레벨유지,img_badge_level_003_enable,img_badge_level_003_disable,img_badge_level_003_unknown,1,2023,3,0,9,3,1,2,12,0,0,0,0,1000300,0,여행지 선정이 고민이신가요?<br>전국 축제정보를 확인해보세요!<br>축제와 함께하면 더욱 즐거운 여행이 될거에요.,"획득방법<br>1. 메뉴 > 여행정보 > 축제 > 축제조회<br>2. ""축제""검색 > 전국 축제 확인하기 > 축제조회",0,0,0
1001200,콘텐츠 다운로드,img_badge_download_001_enable,img_badge_download_001_disable,img_badge_download_001_unknown,1,2023,1,1001201,10,0,1,0,3,0,0,1,0,1000310,0,여행지 선정이 고민이신가요?<br>전국 축제정보를 확인해보세요!<br>축제와 함께하면 더욱 즐거운 여행이 될거에요.,"획득방법<br>1. 메뉴 > 여행정보 > 축제 > 축제조회<br>2. ""축제""검색 > 전국 축제 확인하기 > 축제조회",0,0,0
1001201,콘텐츠 다운로드,img_badge_download_002_enable,img_badge_download_002_disable,img_badge_download_002_unknown,1,2023,2,1001202,10,0,1,0,10,0,0,1,0,1000320,0,여행지 선정이 고민이신가요?<br>전국 축제정보를 확인해보세요!<br>축제와 함께하면 더욱 즐거운 여행이 될거에요.,"획득방법<br>1. 메뉴 > 여행정보 > 축제 > 축제조회<br>2. ""축제""검색 > 전국 축제 확인하기 > 축제조회",0,0,0
1001202,콘텐츠 다운로드,img_badge_download_003_enable,img_badge_download_003_disable,img_badge_download_003_unknown,1,2023,3,1001203,10,0,1,0,30,0,0,1,0,1000330,0,여행지 선정이 고민이신가요?<br>전국 축제정보를 확인해보세요!<br>축제와 함께하면 더욱 즐거운 여행이 될거에요.,"획득방법<br>1. 메뉴 > 여행정보 > 축제 > 축제조회<br>2. ""축제""검색 > 전국 축제 확인하기 > 축제조회",0,0,0
1001203,콘텐츠 다운로드(반복),img_badge_point_enable,img_badge_point_disable,img_badge_point_unknown,1,2023,0,0,10,0,1,0,30,0,0,1,0,0,100,여행지 선정이 고민이신가요?<br>전국 축제정보를 확인해보세요!<br>축제와 함께하면 더욱 즐거운 여행이 될거에요.,"획득방법<br>1. 메뉴 > 여행정보 > 축제 > 축제조회<br>2. ""축제""검색 > 전국 축제 확인하기 > 축제조회",999,0,0
1001300,발도장 찍기,img_badge_glfootprint_001_enable,img_badge_glfootprint_001_disable,img_badge_glfootprint_001_unknown,1,2023,1,1001301,11,0,0,0,3,0,0,0,0,1000340,0,여행지 선정이 고민이신가요?<br>전국 축제정보를 확인해보세요!<br>축제와 함께하면 더욱 즐거운 여행이 될거에요.,"획득방법<br>1. 메뉴 > 여행정보 > 축제 > 축제조회<br>2. ""축제""검색 > 전국 축제 확인하기 > 축제조회",0,0,0
1001301,발도장 찍기,img_badge_glfootprint_002_enable,img_badge_glfootprint_002_disable,img_badge_glfootprint_002_unknown,1,2023,2,1001302,11,0,0,0,10,0,0,0,0,1000350,0,여행지 선정이 고민이신가요?<br>전국 축제정보를 확인해보세요!<br>축제와 함께하면 더욱 즐거운 여행이 될거에요.,"획득방법<br>1. 메뉴 > 여행정보 > 축제 > 축제조회<br>2. ""축제""검색 > 전국 축제 확인하기 > 축제조회",0,0,0
1001302,발도장 찍기,img_badge_glfootprint_003_enable,img_badge_glfootprint_003_disable,img_badge_glfootprint_003_unknown,1,2023,3,1001303,11,0,0,0,30,0,0,0,0,1000360,0,여행지 선정이 고민이신가요?<br>전국 축제정보를 확인해보세요!<br>축제와 함께하면 더욱 즐거운 여행이 될거에요.,"획득방법<br>1. 메뉴 > 여행정보 > 축제 > 축제조회<br>2. ""축제""검색 > 전국 축제 확인하기 > 축제조회",0,0,0
1001303,발도장 찍기(반복),img_badge_point_enable,img_badge_point_disable,img_badge_point_unknown,1,2023,0,0,11,0,0,0,30,0,0,1,0,0,100,여행지 선정이 고민이신가요?<br>전국 축제정보를 확인해보세요!<br>축제와 함께하면 더욱 즐거운 여행이 될거에요.,"획득방법<br>1. 메뉴 > 여행정보 > 축제 > 축제조회<br>2. ""축제""검색 > 전국 축제 확인하기 > 축제조회",999,0,0
1001400,여행상품홍보관 콘텐츠 예약,img_badge_reservation_001_enable,img_badge_reservation_001_disable,img_badge_reservation_001_unknown,1,2023,1,1001401,12,0,1,0,3,0,0,1,0,1000370,0,여행지 선정이 고민이신가요?<br>전국 축제정보를 확인해보세요!<br>축제와 함께하면 더욱 즐거운 여행이 될거에요.,"획득방법<br>1. 메뉴 > 여행정보 > 축제 > 축제조회<br>2. ""축제""검색 > 전국 축제 확인하기 > 축제조회",0,0,0
1001401,여행상품홍보관 콘텐츠 예약,img_badge_reservation_002_enable,img_badge_reservation_002_disable,img_badge_reservation_002_unknown,1,2023,2,1001402,12,0,1,0,10,0,0,1,0,1000380,0,여행지 선정이 고민이신가요?<br>전국 축제정보를 확인해보세요!<br>축제와 함께하면 더욱 즐거운 여행이 될거에요.,"획득방법<br>1. 메뉴 > 여행정보 > 축제 > 축제조회<br>2. ""축제""검색 > 전국 축제 확인하기 > 축제조회",0,0,0
1001402,여행상품홍보관 콘텐츠 예약,img_badge_reservation_003_enable,img_badge_reservation_003_disable,img_badge_reservation_003_unknown,1,2023,3,1001403,12,0,1,0,30,0,0,1,0,1000390,0,여행지 선정이 고민이신가요?<br>전국 축제정보를 확인해보세요!<br>축제와 함께하면 더욱 즐거운 여행이 될거에요.,"획득방법<br>1. 메뉴 > 여행정보 > 축제 > 축제조회<br>2. ""축제""검색 > 전국 축제 확인하기 > 축제조회",0,0,0
1001403,여행상품홍보관 콘텐츠 예약(반복),img_badge_point_enable,img_badge_point_disable,img_badge_point_unknown,1,2023,0,0,12,0,1,0,30,0,0,1,0,0,100,여행지 선정이 고민이신가요?<br>전국 축제정보를 확인해보세요!<br>축제와 함께하면 더욱 즐거운 여행이 될거에요.,"획득방법<br>1. 메뉴 > 여행정보 > 축제 > 축제조회<br>2. ""축제""검색 > 전국 축제 확인하기 > 축제조회",999,0,0
1001500,여행상품홍보관 콘텐츠 좋아요,img_badge_like_001_enable,img_badge_like_001_disable,img_badge_like_001_unknown,1,2023,1,1001501,13,0,1,0,3,0,0,1,0,1000400,0,여행지 선정이 고민이신가요?<br>전국 축제정보를 확인해보세요!<br>축제와 함께하면 더욱 즐거운 여행이 될거에요.,"획득방법<br>1. 메뉴 > 여행정보 > 축제 > 축제조회<br>2. ""축제""검색 > 전국 축제 확인하기 > 축제조회",0,0,0
1001501,여행상품홍보관 콘텐츠 좋아요,img_badge_like_002_enable,img_badge_like_002_disable,img_badge_like_002_unknown,1,2023,2,1001502,13,0,1,0,10,0,0,1,0,1000410,0,여행지 선정이 고민이신가요?<br>전국 축제정보를 확인해보세요!<br>축제와 함께하면 더욱 즐거운 여행이 될거에요.,"획득방법<br>1. 메뉴 > 여행정보 > 축제 > 축제조회<br>2. ""축제""검색 > 전국 축제 확인하기 > 축제조회",0,0,0
1001502,여행상품홍보관 콘텐츠 좋아요,img_badge_like_003_enable,img_badge_like_003_disable,img_badge_like_003_unknown,1,2023,3,1001503,13,0,1,0,30,0,0,1,0,1000420,0,여행지 선정이 고민이신가요?<br>전국 축제정보를 확인해보세요!<br>축제와 함께하면 더욱 즐거운 여행이 될거에요.,"획득방법<br>1. 메뉴 > 여행정보 > 축제 > 축제조회<br>2. ""축제""검색 > 전국 축제 확인하기 > 축제조회",0,0,0
1001503,여행상품홍보관 콘텐츠 좋아요(반복),img_badge_point_enable,img_badge_point_disable,img_badge_point_unknown,1,2023,0,0,13,0,1,0,30,0,0,1,0,0,100,여행지 선정이 고민이신가요?<br>전국 축제정보를 확인해보세요!<br>축제와 함께하면 더욱 즐거운 여행이 될거에요.,"획득방법<br>1. 메뉴 > 여행정보 > 축제 > 축제조회<br>2. ""축제""검색 > 전국 축제 확인하기 > 축제조회",999,0,0
1001600,디민증 QR스캔,img_badge_qrscan_001_enable,img_badge_qrscan_001_disable,img_badge_qrscan_001_unknown,2,2023,1,1001601,14,0,0,0,1,0,0,0,0,1000430,0,여행지 선정이 고민이신가요?<br>전국 축제정보를 확인해보세요!<br>축제와 함께하면 더욱 즐거운 여행이 될거에요.,"획득방법<br>1. 메뉴 > 여행정보 > 축제 > 축제조회<br>2. ""축제""검색 > 전국 축제 확인하기 > 축제조회",0,0,0
1001601,디민증 QR스캔,img_badge_qrscan_002_enable,img_badge_qrscan_002_disable,img_badge_qrscan_002_unknown,2,2023,2,1001602,14,0,0,0,10,0,0,0,0,1000440,0,여행지 선정이 고민이신가요?<br>전국 축제정보를 확인해보세요!<br>축제와 함께하면 더욱 즐거운 여행이 될거에요.,"획득방법<br>1. 메뉴 > 여행정보 > 축제 > 축제조회<br>2. ""축제""검색 > 전국 축제 확인하기 > 축제조회",0,0,0
1001602,디민증 QR스캔,img_badge_qrscan_003_enable,img_badge_qrscan_003_disable,img_badge_qrscan_003_unknown,2,2023,3,1001603,14,0,0,0,15,0,0,0,0,1000450,0,여행지 선정이 고민이신가요?<br>전국 축제정보를 확인해보세요!<br>축제와 함께하면 더욱 즐거운 여행이 될거에요.,"획득방법<br>1. 메뉴 > 여행정보 > 축제 > 축제조회<br>2. ""축제""검색 > 전국 축제 확인하기 > 축제조회",0,0,0
1001603,디민증 QR스캔(반복),img_badge_point_enable,img_badge_point_disable,img_badge_point_unknown,2,2023,0,0,14,0,0,0,15,0,0,0,0,0,100,여행지 선정이 고민이신가요?<br>전국 축제정보를 확인해보세요!<br>축제와 함께하면 더욱 즐거운 여행이 될거에요.,"획득방법<br>1. 메뉴 > 여행정보 > 축제 > 축제조회<br>2. ""축제""검색 > 전국 축제 확인하기 > 축제조회",999,0,0
1001700,서울 발도장 찍기,img_badge_seoulfp_001_enable,img_badge_seoulfp_001_disable,img_badge_seoulfp_001_unknown,2,2023,1,1001701,11,0,2,1,1,0,0,0,0,1000460,0,여행지 선정이 고민이신가요?<br>전국 축제정보를 확인해보세요!<br>축제와 함께하면 더욱 즐거운 여행이 될거에요.,"획득방법<br>1. 메뉴 > 여행정보 > 축제 > 축제조회<br>2. ""축제""검색 > 전국 축제 확인하기 > 축제조회",0,0,0
1001701,서울 발도장 찍기,img_badge_seoulfp_002_enable,img_badge_seoulfp_002_disable,img_badge_seoulfp_002_unknown,2,2023,2,1001702,11,0,2,1,10,0,0,0,0,1000470,0,여행지 선정이 고민이신가요?<br>전국 축제정보를 확인해보세요!<br>축제와 함께하면 더욱 즐거운 여행이 될거에요.,"획득방법<br>1. 메뉴 > 여행정보 > 축제 > 축제조회<br>2. ""축제""검색 > 전국 축제 확인하기 > 축제조회",0,0,0
1001702,서울 발도장 찍기,img_badge_seoulfp_003_enable,img_badge_seoulfp_003_disable,img_badge_seoulfp_003_unknown,2,2023,3,1001703,11,0,2,1,15,0,0,0,0,1000480,0,여행지 선정이 고민이신가요?<br>전국 축제정보를 확인해보세요!<br>축제와 함께하면 더욱 즐거운 여행이 될거에요.,"획득방법<br>1. 메뉴 > 여행정보 > 축제 > 축제조회<br>2. ""축제""검색 > 전국 축제 확인하기 > 축제조회",0,0,0
1001703,서울 발도장 찍기(반복),img_badge_point_enable,img_badge_point_disable,img_badge_point_unknown,2,2023,0,0,11,0,2,1,15,0,0,0,0,0,100,여행지 선정이 고민이신가요?<br>전국 축제정보를 확인해보세요!<br>축제와 함께하면 더욱 즐거운 여행이 될거에요.,"획득방법<br>1. 메뉴 > 여행정보 > 축제 > 축제조회<br>2. ""축제""검색 > 전국 축제 확인하기 > 축제조회",999,0,0
1001800,부산 발도장 찍기,img_badge_busanfp_001_enable,img_badge_busanfp_001_disable,img_badge_busanfp_001_unknown,2,2023,1,1001801,11,0,2,2,1,0,0,0,0,1000490,0,여행지 선정이 고민이신가요?<br>전국 축제정보를 확인해보세요!<br>축제와 함께하면 더욱 즐거운 여행이 될거에요.,"획득방법<br>1. 메뉴 > 여행정보 > 축제 > 축제조회<br>2. ""축제""검색 > 전국 축제 확인하기 > 축제조회",0,0,0
1001801,부산 발도장 찍기,img_badge_busanfp_002_enable,img_badge_busanfp_002_disable,img_badge_busanfp_002_unknown,2,2023,2,1001802,11,0,2,2,10,0,0,0,0,1000500,0,여행지 선정이 고민이신가요?<br>전국 축제정보를 확인해보세요!<br>축제와 함께하면 더욱 즐거운 여행이 될거에요.,"획득방법<br>1. 메뉴 > 여행정보 > 축제 > 축제조회<br>2. ""축제""검색 > 전국 축제 확인하기 > 축제조회",0,0,0
1001802,부산 발도장 찍기,img_badge_busanfp_003_enable,img_badge_busanfp_003_disable,img_badge_busanfp_003_unknown,2,2023,3,1001803,11,0,2,2,15,0,0,0,0,1000510,0,여행지 선정이 고민이신가요?<br>전국 축제정보를 확인해보세요!<br>축제와 함께하면 더욱 즐거운 여행이 될거에요.,"획득방법<br>1. 메뉴 > 여행정보 > 축제 > 축제조회<br>2. ""축제""검색 > 전국 축제 확인하기 > 축제조회",0,0,0
1001803,부산 발도장 찍기(반복),img_badge_point_enable,img_badge_point_disable,img_badge_point_unknown,2,2023,0,0,11,0,2,2,15,0,0,0,0,0,100,여행지 선정이 고민이신가요?<br>전국 축제정보를 확인해보세요!<br>축제와 함께하면 더욱 즐거운 여행이 될거에요.,"획득방법<br>1. 메뉴 > 여행정보 > 축제 > 축제조회<br>2. ""축제""검색 > 전국 축제 확인하기 > 축제조회",999,0,0
1001900,대구 발도장 찍기,img_badge_daegufp_001_enable,img_badge_daegufp_001_disable,img_badge_daegufp_001_unknown,2,2023,1,1001901,11,0,2,3,1,0,0,0,0,1000520,0,여행지 선정이 고민이신가요?<br>전국 축제정보를 확인해보세요!<br>축제와 함께하면 더욱 즐거운 여행이 될거에요.,"획득방법<br>1. 메뉴 > 여행정보 > 축제 > 축제조회<br>2. ""축제""검색 > 전국 축제 확인하기 > 축제조회",0,0,0
1001901,대구 발도장 찍기,img_badge_daegufp_002_enable,img_badge_daegufp_002_disable,img_badge_daegufp_002_unknown,2,2023,2,1001902,11,0,2,3,10,0,0,0,0,1000530,0,여행지 선정이 고민이신가요?<br>전국 축제정보를 확인해보세요!<br>축제와 함께하면 더욱 즐거운 여행이 될거에요.,"획득방법<br>1. 메뉴 > 여행정보 > 축제 > 축제조회<br>2. ""축제""검색 > 전국 축제 확인하기 > 축제조회",0,0,0
1001902,대구 발도장 찍기,img_badge_daegufp_003_enable,img_badge_daegufp_003_disable,img_badge_daegufp_003_unknown,2,2023,3,1001903,11,0,2,3,15,0,0,0,0,1000540,0,여행지 선정이 고민이신가요?<br>전국 축제정보를 확인해보세요!<br>축제와 함께하면 더욱 즐거운 여행이 될거에요.,"획득방법<br>1. 메뉴 > 여행정보 > 축제 > 축제조회<br>2. ""축제""검색 > 전국 축제 확인하기 > 축제조회",0,0,0
1001903,대구 발도장 찍기(반복),img_badge_point_enable,img_badge_point_disable,img_badge_point_unknown,2,2023,0,0,11,0,2,3,15,0,0,0,0,0,100,여행지 선정이 고민이신가요?<br>전국 축제정보를 확인해보세요!<br>축제와 함께하면 더욱 즐거운 여행이 될거에요.,"획득방법<br>1. 메뉴 > 여행정보 > 축제 > 축제조회<br>2. ""축제""검색 > 전국 축제 확인하기 > 축제조회",999,0,0
1002000,인천 발도장 찍기,img_badge_Incheonfp_001_enable,img_badge_Incheonfp_001_disable,img_badge_Incheonfp_001_unknown,2,2023,1,1002001,11,0,2,4,1,0,0,0,0,1000550,0,여행지 선정이 고민이신가요?<br>전국 축제정보를 확인해보세요!<br>축제와 함께하면 더욱 즐거운 여행이 될거에요.,"획득방법<br>1. 메뉴 > 여행정보 > 축제 > 축제조회<br>2. ""축제""검색 > 전국 축제 확인하기 > 축제조회",0,0,0
1002001,인천 발도장 찍기,img_badge_Incheonfp_002_enable,img_badge_Incheonfp_002_disable,img_badge_Incheonfp_002_unknown,2,2023,2,1002002,11,0,2,4,10,0,0,0,0,1000560,0,여행지 선정이 고민이신가요?<br>전국 축제정보를 확인해보세요!<br>축제와 함께하면 더욱 즐거운 여행이 될거에요.,"획득방법<br>1. 메뉴 > 여행정보 > 축제 > 축제조회<br>2. ""축제""검색 > 전국 축제 확인하기 > 축제조회",0,0,0
1002002,인천 발도장 찍기,img_badge_Incheonfp_003_enable,img_badge_Incheonfp_003_disable,img_badge_Incheonfp_003_unknown,2,2023,3,1002003,11,0,2,4,15,0,0,0,0,1000570,0,여행지 선정이 고민이신가요?<br>전국 축제정보를 확인해보세요!<br>축제와 함께하면 더욱 즐거운 여행이 될거에요.,"획득방법<br>1. 메뉴 > 여행정보 > 축제 > 축제조회<br>2. ""축제""검색 > 전국 축제 확인하기 > 축제조회",0,0,0
1002003,인천 발도장 찍기(반복),img_badge_point_enable,img_badge_point_disable,img_badge_point_unknown,2,2023,0,0,11,0,2,4,15,0,0,0,0,0,100,여행지 선정이 고민이신가요?<br>전국 축제정보를 확인해보세요!<br>축제와 함께하면 더욱 즐거운 여행이 될거에요.,"획득방법<br>1. 메뉴 > 여행정보 > 축제 > 축제조회<br>2. ""축제""검색 > 전국 축제 확인하기 > 축제조회",999,0,0
1002100,광주 발도장 찍기,img_badge_gwangjufp_001_enable,img_badge_gwangjufp_001_disable,img_badge_gwangjufp_001_unknown,2,2023,1,1002101,11,0,2,5,1,0,0,0,0,1000580,0,여행지 선정이 고민이신가요?<br>전국 축제정보를 확인해보세요!<br>축제와 함께하면 더욱 즐거운 여행이 될거에요.,"획득방법<br>1. 메뉴 > 여행정보 > 축제 > 축제조회<br>2. ""축제""검색 > 전국 축제 확인하기 > 축제조회",0,0,0
1002101,광주 발도장 찍기,img_badge_gwangjufp_002_enable,img_badge_gwangjufp_002_disable,img_badge_gwangjufp_002_unknown,2,2023,2,1002102,11,0,2,5,10,0,0,0,0,1000590,0,여행지 선정이 고민이신가요?<br>전국 축제정보를 확인해보세요!<br>축제와 함께하면 더욱 즐거운 여행이 될거에요.,"획득방법<br>1. 메뉴 > 여행정보 > 축제 > 축제조회<br>2. ""축제""검색 > 전국 축제 확인하기 > 축제조회",0,0,0
1002102,광주 발도장 찍기,img_badge_gwangjufp_003_enable,img_badge_gwangjufp_003_disable,img_badge_gwangjufp_003_unknown,2,2023,3,1002103,11,0,2,5,15,0,0,0,0,1000600,0,여행지 선정이 고민이신가요?<br>전국 축제정보를 확인해보세요!<br>축제와 함께하면 더욱 즐거운 여행이 될거에요.,"획득방법<br>1. 메뉴 > 여행정보 > 축제 > 축제조회<br>2. ""축제""검색 > 전국 축제 확인하기 > 축제조회",0,0,0
1002103,광주 발도장 찍기(반복),img_badge_point_enable,img_badge_point_disable,img_badge_point_unknown,2,2023,0,0,11,0,2,5,15,0,0,0,0,0,100,여행지 선정이 고민이신가요?<br>전국 축제정보를 확인해보세요!<br>축제와 함께하면 더욱 즐거운 여행이 될거에요.,"획득방법<br>1. 메뉴 > 여행정보 > 축제 > 축제조회<br>2. ""축제""검색 > 전국 축제 확인하기 > 축제조회",999,0,0
1002200,대전 발도장 찍기,img_badge_daejeonfp_001_enable,img_badge_daejeonfp_001_disable,img_badge_daejeonfp_001_unknown,2,2023,1,1002201,11,0,2,6,1,0,0,0,0,1000610,0,여행지 선정이 고민이신가요?<br>전국 축제정보를 확인해보세요!<br>축제와 함께하면 더욱 즐거운 여행이 될거에요.,"획득방법<br>1. 메뉴 > 여행정보 > 축제 > 축제조회<br>2. ""축제""검색 > 전국 축제 확인하기 > 축제조회",0,0,0
1002201,대전 발도장 찍기,img_badge_daejeonfp_002_enable,img_badge_daejeonfp_002_disable,img_badge_daejeonfp_002_unknown,2,2023,2,1002202,11,0,2,6,10,0,0,0,0,1000620,0,여행지 선정이 고민이신가요?<br>전국 축제정보를 확인해보세요!<br>축제와 함께하면 더욱 즐거운 여행이 될거에요.,"획득방법<br>1. 메뉴 > 여행정보 > 축제 > 축제조회<br>2. ""축제""검색 > 전국 축제 확인하기 > 축제조회",0,0,0
1002202,대전 발도장 찍기,img_badge_daejeonfp_003_enable,img_badge_daejeonfp_003_disable,img_badge_daejeonfp_003_unknown,2,2023,3,1002203,11,0,2,6,15,0,0,0,0,1000630,0,여행지 선정이 고민이신가요?<br>전국 축제정보를 확인해보세요!<br>축제와 함께하면 더욱 즐거운 여행이 될거에요.,"획득방법<br>1. 메뉴 > 여행정보 > 축제 > 축제조회<br>2. ""축제""검색 > 전국 축제 확인하기 > 축제조회",0,0,0
1002203,대전 발도장 찍기(반복),img_badge_point_enable,img_badge_point_disable,img_badge_point_unknown,2,2023,0,0,11,0,2,6,15,0,0,0,0,0,100,여행지 선정이 고민이신가요?<br>전국 축제정보를 확인해보세요!<br>축제와 함께하면 더욱 즐거운 여행이 될거에요.,"획득방법<br>1. 메뉴 > 여행정보 > 축제 > 축제조회<br>2. ""축제""검색 > 전국 축제 확인하기 > 축제조회",999,0,0
1002300,울산 발도장 찍기,img_badge_ulsanfp_001_enable,img_badge_ulsanfp_001_disable,img_badge_ulsanfp_001_unknown,2,2023,1,1002301,11,0,2,7,1,0,0,0,0,1000640,0,여행지 선정이 고민이신가요?<br>전국 축제정보를 확인해보세요!<br>축제와 함께하면 더욱 즐거운 여행이 될거에요.,"획득방법<br>1. 메뉴 > 여행정보 > 축제 > 축제조회<br>2. ""축제""검색 > 전국 축제 확인하기 > 축제조회",0,0,0
1002301,울산 발도장 찍기,img_badge_ulsanfp_002_enable,img_badge_ulsanfp_002_disable,img_badge_ulsanfp_002_unknown,2,2023,2,1002302,11,0,2,7,10,0,0,0,0,1000650,0,여행지 선정이 고민이신가요?<br>전국 축제정보를 확인해보세요!<br>축제와 함께하면 더욱 즐거운 여행이 될거에요.,"획득방법<br>1. 메뉴 > 여행정보 > 축제 > 축제조회<br>2. ""축제""검색 > 전국 축제 확인하기 > 축제조회",0,0,0
1002302,울산 발도장 찍기,img_badge_ulsanfp_003_enable,img_badge_ulsanfp_003_disable,img_badge_ulsanfp_003_unknown,2,2023,3,1002303,11,0,2,7,15,0,0,0,0,1000660,0,여행지 선정이 고민이신가요?<br>전국 축제정보를 확인해보세요!<br>축제와 함께하면 더욱 즐거운 여행이 될거에요.,"획득방법<br>1. 메뉴 > 여행정보 > 축제 > 축제조회<br>2. ""축제""검색 > 전국 축제 확인하기 > 축제조회",0,0,0
1002303,울산 발도장 찍기(반복),img_badge_point_enable,img_badge_point_disable,img_badge_point_unknown,2,2023,0,0,11,0,2,7,15,0,0,0,0,0,100,여행지 선정이 고민이신가요?<br>전국 축제정보를 확인해보세요!<br>축제와 함께하면 더욱 즐거운 여행이 될거에요.,"획득방법<br>1. 메뉴 > 여행정보 > 축제 > 축제조회<br>2. ""축제""검색 > 전국 축제 확인하기 > 축제조회",999,0,0
1002400,세종 발도장 찍기,img_badge_sejongfp_001_enable,img_badge_sejongfp_001_disable,img_badge_sejongfp_001_unknown,2,2023,1,1002401,11,0,2,8,1,0,0,0,0,1000670,0,여행지 선정이 고민이신가요?<br>전국 축제정보를 확인해보세요!<br>축제와 함께하면 더욱 즐거운 여행이 될거에요.,"획득방법<br>1. 메뉴 > 여행정보 > 축제 > 축제조회<br>2. ""축제""검색 > 전국 축제 확인하기 > 축제조회",0,0,0
1002401,세종 발도장 찍기,img_badge_sejongfp_002_enable,img_badge_sejongfp_002_disable,img_badge_sejongfp_002_unknown,2,2023,2,1002402,11,0,2,8,10,0,0,0,0,1000680,0,여행지 선정이 고민이신가요?<br>전국 축제정보를 확인해보세요!<br>축제와 함께하면 더욱 즐거운 여행이 될거에요.,"획득방법<br>1. 메뉴 > 여행정보 > 축제 > 축제조회<br>2. ""축제""검색 > 전국 축제 확인하기 > 축제조회",0,0,0
1002402,세종 발도장 찍기,img_badge_sejongfp_003_enable,img_badge_sejongfp_003_disable,img_badge_sejongfp_003_unknown,2,2023,3,1002403,11,0,2,8,15,0,0,0,0,1000690,0,여행지 선정이 고민이신가요?<br>전국 축제정보를 확인해보세요!<br>축제와 함께하면 더욱 즐거운 여행이 될거에요.,"획득방법<br>1. 메뉴 > 여행정보 > 축제 > 축제조회<br>2. ""축제""검색 > 전국 축제 확인하기 > 축제조회",0,0,0
1002403,세종 발도장 찍기(반복),img_badge_point_enable,img_badge_point_disable,img_badge_point_unknown,2,2023,0,0,11,0,2,8,15,0,0,0,0,0,100,여행지 선정이 고민이신가요?<br>전국 축제정보를 확인해보세요!<br>축제와 함께하면 더욱 즐거운 여행이 될거에요.,"획득방법<br>1. 메뉴 > 여행정보 > 축제 > 축제조회<br>2. ""축제""검색 > 전국 축제 확인하기 > 축제조회",999,0,0
1002500,경기 발도장 찍기,img_badge_gyeonggifp_001_enable,img_badge_gyeonggifp_001_disable,img_badge_gyeonggifp_001_unknown,2,2023,1,1002501,11,0,2,9,1,0,0,0,0,1000700,0,여행지 선정이 고민이신가요?<br>전국 축제정보를 확인해보세요!<br>축제와 함께하면 더욱 즐거운 여행이 될거에요.,"획득방법<br>1. 메뉴 > 여행정보 > 축제 > 축제조회<br>2. ""축제""검색 > 전국 축제 확인하기 > 축제조회",0,0,0
1002501,경기 발도장 찍기,img_badge_gyeonggifp_002_enable,img_badge_gyeonggifp_002_disable,img_badge_gyeonggifp_002_unknown,2,2023,2,1002502,11,0,2,9,10,0,0,0,0,1000710,0,여행지 선정이 고민이신가요?<br>전국 축제정보를 확인해보세요!<br>축제와 함께하면 더욱 즐거운 여행이 될거에요.,"획득방법<br>1. 메뉴 > 여행정보 > 축제 > 축제조회<br>2. ""축제""검색 > 전국 축제 확인하기 > 축제조회",0,0,0
1002502,경기 발도장 찍기,img_badge_gyeonggifp_003_enable,img_badge_gyeonggifp_003_disable,img_badge_gyeonggifp_003_unknown,2,2023,3,1002503,11,0,2,9,15,0,0,0,0,1000720,0,여행지 선정이 고민이신가요?<br>전국 축제정보를 확인해보세요!<br>축제와 함께하면 더욱 즐거운 여행이 될거에요.,"획득방법<br>1. 메뉴 > 여행정보 > 축제 > 축제조회<br>2. ""축제""검색 > 전국 축제 확인하기 > 축제조회",0,0,0
1002503,경기 발도장 찍기(반복),img_badge_point_enable,img_badge_point_disable,img_badge_point_unknown,2,2023,0,0,11,0,2,9,15,0,0,0,0,0,100,여행지 선정이 고민이신가요?<br>전국 축제정보를 확인해보세요!<br>축제와 함께하면 더욱 즐거운 여행이 될거에요.,"획득방법<br>1. 메뉴 > 여행정보 > 축제 > 축제조회<br>2. ""축제""검색 > 전국 축제 확인하기 > 축제조회",999,0,0
1002600,강원 발도장 찍기,img_badge_gangwonfp_001_enable,img_badge_gangwonfp_001_disable,img_badge_gangwonfp_001_unknown,2,2023,1,1002601,11,0,2,10,1,0,0,0,0,1000730,0,여행지 선정이 고민이신가요?<br>전국 축제정보를 확인해보세요!<br>축제와 함께하면 더욱 즐거운 여행이 될거에요.,"획득방법<br>1. 메뉴 > 여행정보 > 축제 > 축제조회<br>2. ""축제""검색 > 전국 축제 확인하기 > 축제조회",0,0,0
1002601,강원 발도장 찍기,img_badge_gangwonfp_002_enable,img_badge_gangwonfp_002_disable,img_badge_gangwonfp_002_unknown,2,2023,2,1002602,11,0,2,10,10,0,0,0,0,1000740,0,여행지 선정이 고민이신가요?<br>전국 축제정보를 확인해보세요!<br>축제와 함께하면 더욱 즐거운 여행이 될거에요.,"획득방법<br>1. 메뉴 > 여행정보 > 축제 > 축제조회<br>2. ""축제""검색 > 전국 축제 확인하기 > 축제조회",0,0,0
1002602,강원 발도장 찍기,img_badge_gangwonfp_003_enable,img_badge_gangwonfp_003_disable,img_badge_gangwonfp_003_unknown,2,2023,3,1002603,11,0,2,10,15,0,0,0,0,1000750,0,여행지 선정이 고민이신가요?<br>전국 축제정보를 확인해보세요!<br>축제와 함께하면 더욱 즐거운 여행이 될거에요.,"획득방법<br>1. 메뉴 > 여행정보 > 축제 > 축제조회<br>2. ""축제""검색 > 전국 축제 확인하기 > 축제조회",0,0,0
1002603,강원 발도장 찍기(반복),img_badge_point_enable,img_badge_point_disable,img_badge_point_unknown,2,2023,0,0,11,0,2,10,15,0,0,0,0,0,100,여행지 선정이 고민이신가요?<br>전국 축제정보를 확인해보세요!<br>축제와 함께하면 더욱 즐거운 여행이 될거에요.,"획득방법<br>1. 메뉴 > 여행정보 > 축제 > 축제조회<br>2. ""축제""검색 > 전국 축제 확인하기 > 축제조회",999,0,0
1002700,충북 발도장 찍기,img_badge_chungbukfp_001_enable,img_badge_chungbukfp_001_disable,img_badge_chungbukfp_001_unknown,2,2023,1,1002701,11,0,2,11,1,0,0,0,0,1000760,0,여행지 선정이 고민이신가요?<br>전국 축제정보를 확인해보세요!<br>축제와 함께하면 더욱 즐거운 여행이 될거에요.,"획득방법<br>1. 메뉴 > 여행정보 > 축제 > 축제조회<br>2. ""축제""검색 > 전국 축제 확인하기 > 축제조회",0,0,0
1002701,충북 발도장 찍기,img_badge_chungbukfp_002_enable,img_badge_chungbukfp_002_disable,img_badge_chungbukfp_002_unknown,2,2023,2,1002702,11,0,2,11,10,0,0,0,0,1000770,0,여행지 선정이 고민이신가요?<br>전국 축제정보를 확인해보세요!<br>축제와 함께하면 더욱 즐거운 여행이 될거에요.,"획득방법<br>1. 메뉴 > 여행정보 > 축제 > 축제조회<br>2. ""축제""검색 > 전국 축제 확인하기 > 축제조회",0,0,0
1002702,충북 발도장 찍기,img_badge_chungbukfp_003_enable,img_badge_chungbukfp_003_disable,img_badge_chungbukfp_003_unknown,2,2023,3,1002703,11,0,2,11,15,0,0,0,0,1000780,0,여행지 선정이 고민이신가요?<br>전국 축제정보를 확인해보세요!<br>축제와 함께하면 더욱 즐거운 여행이 될거에요.,"획득방법<br>1. 메뉴 > 여행정보 > 축제 > 축제조회<br>2. ""축제""검색 > 전국 축제 확인하기 > 축제조회",0,0,0
1002703,충북 발도장 찍기(반복),img_badge_point_enable,img_badge_point_disable,img_badge_point_unknown,2,2023,0,0,11,0,2,11,15,0,0,0,0,0,100,여행지 선정이 고민이신가요?<br>전국 축제정보를 확인해보세요!<br>축제와 함께하면 더욱 즐거운 여행이 될거에요.,"획득방법<br>1. 메뉴 > 여행정보 > 축제 > 축제조회<br>2. ""축제""검색 > 전국 축제 확인하기 > 축제조회",999,0,0
1002800,충남 발도장 찍기,img_badge_chungnamfp_001_enable,img_badge_chungnamfp_001_disable,img_badge_chungnamfp_001_unknown,2,2023,1,1002801,11,0,2,12,1,0,0,0,0,1000790,0,여행지 선정이 고민이신가요?<br>전국 축제정보를 확인해보세요!<br>축제와 함께하면 더욱 즐거운 여행이 될거에요.,"획득방법<br>1. 메뉴 > 여행정보 > 축제 > 축제조회<br>2. ""축제""검색 > 전국 축제 확인하기 > 축제조회",0,0,0
1002801,충남 발도장 찍기,img_badge_chungnamfp_002_enable,img_badge_chungnamfp_002_disable,img_badge_chungnamfp_002_unknown,2,2023,2,1002802,11,0,2,12,10,0,0,0,0,1000800,0,여행지 선정이 고민이신가요?<br>전국 축제정보를 확인해보세요!<br>축제와 함께하면 더욱 즐거운 여행이 될거에요.,"획득방법<br>1. 메뉴 > 여행정보 > 축제 > 축제조회<br>2. ""축제""검색 > 전국 축제 확인하기 > 축제조회",0,0,0
1002802,충남 발도장 찍기,img_badge_chungnamfp_003_enable,img_badge_chungnamfp_003_disable,img_badge_chungnamfp_003_unknown,2,2023,3,1002803,11,0,2,12,15,0,0,0,0,1000810,0,여행지 선정이 고민이신가요?<br>전국 축제정보를 확인해보세요!<br>축제와 함께하면 더욱 즐거운 여행이 될거에요.,"획득방법<br>1. 메뉴 > 여행정보 > 축제 > 축제조회<br>2. ""축제""검색 > 전국 축제 확인하기 > 축제조회",0,0,0
1002803,충남 발도장 찍기(반복),img_badge_point_enable,img_badge_point_disable,img_badge_point_unknown,2,2023,0,0,11,0,2,12,15,0,0,0,0,0,100,여행지 선정이 고민이신가요?<br>전국 축제정보를 확인해보세요!<br>축제와 함께하면 더욱 즐거운 여행이 될거에요.,"획득방법<br>1. 메뉴 > 여행정보 > 축제 > 축제조회<br>2. ""축제""검색 > 전국 축제 확인하기 > 축제조회",999,0,0
1002900,전북 발도장 찍기,img_badge_jeonbukfp_001_enable,img_badge_jeonbukfp_001_disable,img_badge_jeonbukfp_001_unknown,2,2023,1,1002901,11,0,2,13,1,0,0,0,0,1000820,0,여행지 선정이 고민이신가요?<br>전국 축제정보를 확인해보세요!<br>축제와 함께하면 더욱 즐거운 여행이 될거에요.,"획득방법<br>1. 메뉴 > 여행정보 > 축제 > 축제조회<br>2. ""축제""검색 > 전국 축제 확인하기 > 축제조회",0,0,0
1002901,전북 발도장 찍기,img_badge_jeonbukfp_002_enable,img_badge_jeonbukfp_002_disable,img_badge_jeonbukfp_002_unknown,2,2023,2,1002902,11,0,2,13,10,0,0,0,0,1000830,0,여행지 선정이 고민이신가요?<br>전국 축제정보를 확인해보세요!<br>축제와 함께하면 더욱 즐거운 여행이 될거에요.,"획득방법<br>1. 메뉴 > 여행정보 > 축제 > 축제조회<br>2. ""축제""검색 > 전국 축제 확인하기 > 축제조회",0,0,0
1002902,전북 발도장 찍기,img_badge_jeonbukfp_003_enable,img_badge_jeonbukfp_003_disable,img_badge_jeonbukfp_003_unknown,2,2023,3,1002903,11,0,2,13,15,0,0,0,0,1000840,0,여행지 선정이 고민이신가요?<br>전국 축제정보를 확인해보세요!<br>축제와 함께하면 더욱 즐거운 여행이 될거에요.,"획득방법<br>1. 메뉴 > 여행정보 > 축제 > 축제조회<br>2. ""축제""검색 > 전국 축제 확인하기 > 축제조회",0,0,0
1002903,전북 발도장 찍기(반복),img_badge_point_enable,img_badge_point_disable,img_badge_point_unknown,2,2023,0,0,11,0,2,13,15,0,0,0,0,0,100,여행지 선정이 고민이신가요?<br>전국 축제정보를 확인해보세요!<br>축제와 함께하면 더욱 즐거운 여행이 될거에요.,"획득방법<br>1. 메뉴 > 여행정보 > 축제 > 축제조회<br>2. ""축제""검색 > 전국 축제 확인하기 > 축제조회",999,0,0
1003000,전남 발도장 찍기,img_badge_jeonnamfp_001_enable,img_badge_jeonnamfp_001_disable,img_badge_jeonnamfp_001_unknown,2,2023,1,1003001,11,0,2,14,1,0,0,0,0,1000850,0,여행지 선정이 고민이신가요?<br>전국 축제정보를 확인해보세요!<br>축제와 함께하면 더욱 즐거운 여행이 될거에요.,"획득방법<br>1. 메뉴 > 여행정보 > 축제 > 축제조회<br>2. ""축제""검색 > 전국 축제 확인하기 > 축제조회",0,0,0
1003001,전남 발도장 찍기,img_badge_jeonnamfp_002_enable,img_badge_jeonnamfp_002_disable,img_badge_jeonnamfp_002_unknown,2,2023,2,1003002,11,0,2,14,10,0,0,0,0,1000860,0,여행지 선정이 고민이신가요?<br>전국 축제정보를 확인해보세요!<br>축제와 함께하면 더욱 즐거운 여행이 될거에요.,"획득방법<br>1. 메뉴 > 여행정보 > 축제 > 축제조회<br>2. ""축제""검색 > 전국 축제 확인하기 > 축제조회",0,0,0
1003002,전남 발도장 찍기,img_badge_jeonnamfp_003_enable,img_badge_jeonnamfp_003_disable,img_badge_jeonnamfp_003_unknown,2,2023,3,1003003,11,0,2,14,15,0,0,0,0,1000870,0,여행지 선정이 고민이신가요?<br>전국 축제정보를 확인해보세요!<br>축제와 함께하면 더욱 즐거운 여행이 될거에요.,"획득방법<br>1. 메뉴 > 여행정보 > 축제 > 축제조회<br>2. ""축제""검색 > 전국 축제 확인하기 > 축제조회",0,0,0
1003003,전남 발도장 찍기(반복),img_badge_point_enable,img_badge_point_disable,img_badge_point_unknown,2,2023,0,0,11,0,2,14,15,0,0,0,0,0,100,여행지 선정이 고민이신가요?<br>전국 축제정보를 확인해보세요!<br>축제와 함께하면 더욱 즐거운 여행이 될거에요.,"획득방법<br>1. 메뉴 > 여행정보 > 축제 > 축제조회<br>2. ""축제""검색 > 전국 축제 확인하기 > 축제조회",999,0,0
1003100,경북 발도장 찍기,img_badge_gyeongbukfp_001_enable,img_badge_gyeongbukfp_001_disable,img_badge_gyeongbukfp_001_unknown,2,2023,1,1003101,11,0,2,15,1,0,0,0,0,1000880,0,여행지 선정이 고민이신가요?<br>전국 축제정보를 확인해보세요!<br>축제와 함께하면 더욱 즐거운 여행이 될거에요.,"획득방법<br>1. 메뉴 > 여행정보 > 축제 > 축제조회<br>2. ""축제""검색 > 전국 축제 확인하기 > 축제조회",0,0,0
1003101,경북 발도장 찍기,img_badge_gyeongbukfp_002_enable,img_badge_gyeongbukfp_002_disable,img_badge_gyeongbukfp_002_unknown,2,2023,2,1003102,11,0,2,15,10,0,0,0,0,1000890,0,여행지 선정이 고민이신가요?<br>전국 축제정보를 확인해보세요!<br>축제와 함께하면 더욱 즐거운 여행이 될거에요.,"획득방법<br>1. 메뉴 > 여행정보 > 축제 > 축제조회<br>2. ""축제""검색 > 전국 축제 확인하기 > 축제조회",0,0,0
1003102,경북 발도장 찍기,img_badge_gyeongbukfp_003_enable,img_badge_gyeongbukfp_003_disable,img_badge_gyeongbukfp_003_unknown,2,2023,3,1003103,11,0,2,15,15,0,0,0,0,1000900,0,여행지 선정이 고민이신가요?<br>전국 축제정보를 확인해보세요!<br>축제와 함께하면 더욱 즐거운 여행이 될거에요.,"획득방법<br>1. 메뉴 > 여행정보 > 축제 > 축제조회<br>2. ""축제""검색 > 전국 축제 확인하기 > 축제조회",0,0,0
1003103,경북 발도장 찍기(반복),img_badge_point_enable,img_badge_point_disable,img_badge_point_unknown,2,2023,0,0,11,0,2,15,15,0,0,0,0,0,100,여행지 선정이 고민이신가요?<br>전국 축제정보를 확인해보세요!<br>축제와 함께하면 더욱 즐거운 여행이 될거에요.,"획득방법<br>1. 메뉴 > 여행정보 > 축제 > 축제조회<br>2. ""축제""검색 > 전국 축제 확인하기 > 축제조회",999,0,0
1003200,경남 발도장 찍기,img_badge_gyeongnamfp_001_enable,img_badge_gyeongnamfp_001_disable,img_badge_gyeongnamfp_001_unknown,2,2023,1,1003201,11,0,2,16,1,0,0,0,0,1000910,0,여행지 선정이 고민이신가요?<br>전국 축제정보를 확인해보세요!<br>축제와 함께하면 더욱 즐거운 여행이 될거에요.,"획득방법<br>1. 메뉴 > 여행정보 > 축제 > 축제조회<br>2. ""축제""검색 > 전국 축제 확인하기 > 축제조회",0,0,0
1003201,경남 발도장 찍기,img_badge_gyeongnamfp_002_enable,img_badge_gyeongnamfp_002_disable,img_badge_gyeongnamfp_002_unknown,2,2023,2,1003202,11,0,2,16,10,0,0,0,0,1000920,0,여행지 선정이 고민이신가요?<br>전국 축제정보를 확인해보세요!<br>축제와 함께하면 더욱 즐거운 여행이 될거에요.,"획득방법<br>1. 메뉴 > 여행정보 > 축제 > 축제조회<br>2. ""축제""검색 > 전국 축제 확인하기 > 축제조회",0,0,0
1003202,경남 발도장 찍기,img_badge_gyeongnamfp_003_enable,img_badge_gyeongnamfp_003_disable,img_badge_gyeongnamfp_003_unknown,2,2023,3,1003203,11,0,2,16,15,0,0,0,0,1000930,0,여행지 선정이 고민이신가요?<br>전국 축제정보를 확인해보세요!<br>축제와 함께하면 더욱 즐거운 여행이 될거에요.,"획득방법<br>1. 메뉴 > 여행정보 > 축제 > 축제조회<br>2. ""축제""검색 > 전국 축제 확인하기 > 축제조회",0,0,0
1003203,경남 발도장 찍기(반복),img_badge_point_enable,img_badge_point_disable,img_badge_point_unknown,2,2023,0,0,11,0,2,16,15,0,0,0,0,0,100,여행지 선정이 고민이신가요?<br>전국 축제정보를 확인해보세요!<br>축제와 함께하면 더욱 즐거운 여행이 될거에요.,"획득방법<br>1. 메뉴 > 여행정보 > 축제 > 축제조회<br>2. ""축제""검색 > 전국 축제 확인하기 > 축제조회",999,0,0
1003300,제주 발도장 찍기,img_badge_jejufp_001_enable,img_badge_jejufp_001_disable,img_badge_jejufp_001_unknown,2,2023,1,1003301,11,0,2,17,1,0,0,0,0,1000940,0,여행지 선정이 고민이신가요?<br>전국 축제정보를 확인해보세요!<br>축제와 함께하면 더욱 즐거운 여행이 될거에요.,"획득방법<br>1. 메뉴 > 여행정보 > 축제 > 축제조회<br>2. ""축제""검색 > 전국 축제 확인하기 > 축제조회",0,0,0
1003301,제주 발도장 찍기,img_badge_jejufp_002_enable,img_badge_jejufp_002_disable,img_badge_jejufp_002_unknown,2,2023,2,1003302,11,0,2,17,10,0,0,0,0,1000950,0,여행지 선정이 고민이신가요?<br>전국 축제정보를 확인해보세요!<br>축제와 함께하면 더욱 즐거운 여행이 될거에요.,"획득방법<br>1. 메뉴 > 여행정보 > 축제 > 축제조회<br>2. ""축제""검색 > 전국 축제 확인하기 > 축제조회",0,0,0
1003302,제주 발도장 찍기,img_badge_jejufp_003_enable,img_badge_jejufp_003_disable,img_badge_jejufp_003_unknown,2,2023,3,1003303,11,0,2,17,15,0,0,0,0,1000960,0,여행지 선정이 고민이신가요?<br>전국 축제정보를 확인해보세요!<br>축제와 함께하면 더욱 즐거운 여행이 될거에요.,"획득방법<br>1. 메뉴 > 여행정보 > 축제 > 축제조회<br>2. ""축제""검색 > 전국 축제 확인하기 > 축제조회",0,0,0
1003303,제주 발도장 찍기(반복),img_badge_point_enable,img_badge_point_disable,img_badge_point_unknown,2,2023,0,0,11,0,2,17,15,0,0,0,0,0,100,여행지 선정이 고민이신가요?<br>전국 축제정보를 확인해보세요!<br>축제와 함께하면 더욱 즐거운 여행이 될거에요.,"획득방법<br>1. 메뉴 > 여행정보 > 축제 > 축제조회<br>2. ""축제""검색 > 전국 축제 확인하기 > 축제조회",999,0,0
1003400,17개 지역 모두 발도장 찍기,img_badge_allfp_001_enable,img_badge_allfp_001_disable,img_badge_allfp_001_unknown,0,2023,1,0,11,0,2,999,17,20231201,20241231,0,0,1000970,0,여행지 선정이 고민이신가요?<br>전국 축제정보를 확인해보세요!<br>축제와 함께하면 더욱 즐거운 여행이 될거에요.,"획득방법<br>1. 메뉴 > 여행정보 > 축제 > 축제조회<br>2. ""축제""검색 > 전국 축제 확인하기 > 축제조회",0,0,0
1003500,회원가입,img_badge_join_001_enable,img_badge_join_001_disable,img_badge_join_001_unknown,0,2023,1,0,15,0,0,0,1,20231201,20241231,0,1,1000980,0,여행지 선정이 고민이신가요?<br>전국 축제정보를 확인해보세요!<br>축제와 함께하면 더욱 즐거운 여행이 될거에요.,"획득방법<br>1. 메뉴 > 여행정보 > 축제 > 축제조회<br>2. ""축제""검색 > 전국 축제 확인하기 > 축제조회",0,0,0
1003600,디지털 관광주민증 발급,img_badge_issuedigicard_001_enable,img_badge_issuedigicard_001_disable,img_badge_issuedigicard_001_unknown,0,2023,1,0,16,0,0,0,1,20231201,20241231,0,1,1000990,0,여행지 선정이 고민이신가요?<br>전국 축제정보를 확인해보세요!<br>축제와 함께하면 더욱 즐거운 여행이 될거에요.,"획득방법<br>1. 메뉴 > 여행정보 > 축제 > 축제조회<br>2. ""축제""검색 > 전국 축제 확인하기 > 축제조회",0,0,0
1003700,가볼래터 구독 신청,img_badge_subscribe_001_enable,img_badge_subscribe_001_disable,img_badge_subscribe_001_unknown,0,2023,1,0,17,0,1,7,1,20231201,20241231,0,1,1001000,0,여행지 선정이 고민이신가요?<br>전국 축제정보를 확인해보세요!<br>축제와 함께하면 더욱 즐거운 여행이 될거에요.,"획득방법<br>1. 메뉴 > 여행정보 > 축제 > 축제조회<br>2. ""축제""검색 > 전국 축제 확인하기 > 축제조회",0,0,0
1003800,월간BEST TOP30,img_badge_best30_001_enable,img_badge_best30_001_disable,img_badge_best30_001_unknown,0,2023,1,0,18,0,1,3,1,20231201,20241231,0,1,1001010,0,여행지 선정이 고민이신가요?<br>전국 축제정보를 확인해보세요!<br>축제와 함께하면 더욱 즐거운 여행이 될거에요.,"획득방법<br>1. 메뉴 > 여행정보 > 축제 > 축제조회<br>2. ""축제""검색 > 전국 축제 확인하기 > 축제조회",0,0,0
,,,,,,,,,,,,,,,,,,,,,,,,
